{
  "ppl": {
    "drop_0": 16.72386349710706,
    "drop_1": 16.958994447992616,
    "drop_2": 17.773569053540143,
    "drop_3": 22.9549366349829
  },
  "ppl_rel_pct_vs_full": {
    "drop_0": 0.0,
    "drop_1": 1.405960715514265,
    "drop_2": 6.276692922150806,
    "drop_3": 37.25857448521812
  }
}