{
  "ppl": {
    "drop_0": 12.806162150723894,
    "drop_1": 17.900681059041894,
    "drop_2": 74.8789344053709
  },
  "ppl_rel_pct_vs_full": {
    "drop_0": 0.0,
    "drop_1": 39.781777306560365,
    "drop_2": 484.71018501931286
  }
}