{
  "model": "/data/ziheng/hf_cache/models--deepseek-ai--DeepSeek-V2-Lite-Chat/snapshots/85864749cd611b4353ce1decdb286193298f64c7",
  "ppl": {
    "drop_0": 19.059322672585864,
    "drop_1": 19.227969983164638,
    "drop_2": 19.921012315803804,
    "drop_3": 20.795623358991985,
    "drop_4": 24.27232522500433,
    "drop_5": 38.54470336886872
  },
  "ppl_rel_pct_vs_full": {
    "drop_0": 0.0,
    "drop_1": 0.8848546901477627,
    "drop_2": 4.521092685299655,
    "drop_3": 9.109981064036155,
    "drop_4": 27.351457562112792,
    "drop_5": 102.23543108543835
  }
}