{
  "ppl": {
    "drop_0": 12.806162150723894,
    "drop_1": 12.939395302557584,
    "drop_2": 13.376740841628404
  },
  "ppl_rel_pct_vs_full": {
    "drop_0": 0.0,
    "drop_1": 1.0403831395041196,
    "drop_2": 4.455501064167433
  }
}