{
  "tokens_layers": 650664,
  "top_k": 4,
  "norm_topk": false,
  "mean_weight_by_rank": [
    0.15699639916419983,
    0.09202280640602112,
    0.061627328395843506,
    0.045118700712919235
  ],
  "std_weight_by_rank": [
    0.09093467891216278,
    0.043470144271850586,
    0.026695307344198227,
    0.016072489321231842
  ],
  "cum_weight_by_rank": [
    0.15699639916419983,
    0.24901920557022095,
    0.31064653396606445,
    0.3557652235031128
  ]
}