{
  "tokens_layers": 524628,
  "top_k": 6,
  "norm_topk": false,
  "mean_weight_by_rank": [
    0.956634521484375,
    0.04146622493863106,
    0.00183954241219908,
    5.7970017223851755e-05,
    1.4181255210132804e-06,
    2.2543780175965367e-08
  ],
  "std_weight_by_rank": [
    0.08351072669029236,
    0.07957881689071655,
    0.009350255131721497,
    0.0009222471271641552,
    8.158678974723443e-05,
    3.1485408271691995e-06
  ],
  "cum_weight_by_rank": [
    0.956634521484375,
    0.998100757598877,
    0.9999402761459351,
    0.9999982714653015,
    0.9999997019767761,
    0.9999997019767761
  ]
}