{
  "experiment": "spec_decode_capture_real_trajectory",
  "target_dir": "/data/Models/Qwen1.5-MoE-A2.7",
  "draft_dir": "/data/Models/Qwen1.5-0.5B-Chat",
  "K": 16,
  "n_layers": 24,
  "n_experts": 60,
  "top_k": 4,
  "num_prompts": 40,
  "num_verify_steps": 1469,
  "accept_rate_by_position": [
    0.636986301369863,
    0.632258064516129,
    0.7023809523809523,
    0.7263922518159807,
    0.8,
    0.6958333333333333,
    0.8562874251497006,
    0.8461538461538461,
    0.7272727272727273,
    0.7386363636363636,
    0.9076923076923077,
    0.9322033898305084,
    0.9454545454545454,
    1.0,
    0.9423076923076923,
    0.8775510204081632
  ],
  "mean_accept_count": 2.296800544588155,
  "mean_tokens_per_step": 3.296800544588155,
  "mean_reuse_C_over_U": 1.8815055636159208
}