{
  "experiment": "qwen_trainingfree_spice_draft_prediction",
  "model_dir": "/data/Models/Qwen1.5-MoE-A2.7",
  "top_k": 4,
  "max_horizon": 6,
  "num_texts": 64,
  "recall_at_k_by_horizon": {
    "draft_trainingfree": {
      "1": 0.9993158046792204,
      "2": 0.8838393534401588,
      "3": 0.8381047789090554,
      "4": 0.8058425918653427,
      "5": 0.7778665504120628,
      "6": 0.7519341158328586
    },
    "anchor_repeat": {
      "1": 0.1078736880315596,
      "2": 0.06908558751119273,
      "3": 0.06932653737395568,
      "4": 0.06899424916898805,
      "5": 0.06704215023112253,
      "6": 0.06749362461636611
    },
    "layer_prior": {
      "1": 0.18786060752186928,
      "2": 0.19018960309458283,
      "3": 0.19155962541431207,
      "4": 0.19261070977803782,
      "5": 0.19354215598533783,
      "6": 0.19487351103427064
    }
  }
}