{
  "experiment": "qwen_trainingfree_spice_draft_prediction",
  "model_dir": "/home/ziheng/sparmoe/models/Qwen1.5-MoE-A2.7B-Chat",
  "top_k": 4,
  "max_horizon": 8,
  "num_texts": 30,
  "recall_at_k_by_horizon": {
    "draft_trainingfree": {
      "1": 0.9993098720852983,
      "2": 0.8721595004628877,
      "3": 0.8234736001686029,
      "4": 0.7887536538042926,
      "5": 0.7576978486036638,
      "6": 0.7272315842956751,
      "7": 0.7010207424946137,
      "8": 0.674456578280246
    },
    "anchor_repeat": {
      "1": 0.10734402042759421,
      "2": 0.06853289088096781,
      "3": 0.06862721985616373,
      "4": 0.06836779704404707,
      "5": 0.06648187860231172,
      "6": 0.06678471361259529,
      "7": 0.06574275251812302,
      "8": 0.06647229383262139
    },
    "layer_prior": {
      "1": 0.17920421959546542,
      "2": 0.1810496997660128,
      "3": 0.18227638529058435,
      "4": 0.18348547312348737,
      "5": 0.18432412569986117,
      "6": 0.18551900425487122,
      "7": 0.1864351317587146,
      "8": 0.18683240800684767
    }
  }
}