{
  "experiment": "qwen_trainingfree_spice_draft_prediction",
  "model_dir": "/data/Models/Qwen1.5-MoE-A2.7",
  "top_k": 4,
  "max_horizon": 6,
  "num_texts": 8,
  "recall_at_k_by_horizon": {
    "draft_trainingfree": {
      "1": 1.0,
      "2": 0.895261562395378,
      "3": 0.8544026719136775,
      "4": 0.8221825189111862,
      "5": 0.7945046677366968,
      "6": 0.7732884064179512
    },
    "anchor_repeat": {
      "1": 0.10455122416712975,
      "2": 0.0656186686961354,
      "3": 0.06538665824414666,
      "4": 0.06413843800284397,
      "5": 0.06543291092373184,
      "6": 0.06378608630796942
    },
    "layer_prior": {
      "1": 0.2750846181031033,
      "2": 0.2771355238961601,
      "3": 0.2789535350565972,
      "4": 0.28034373302852406,
      "5": 0.2824429706725808,
      "6": 0.2825798165881879
    }
  }
}