{
  "experiment": "qwen_trainingfree_spice_draft_prediction",
  "model_dir": "/home/ziheng/sparmoe/models/Qwen1.5-MoE-A2.7B-Chat",
  "top_k": 4,
  "max_horizon": 6,
  "num_texts": 4,
  "recall_at_k_by_horizon": {
    "draft_trainingfree": {
      "1": 0.9999457465277778,
      "2": 0.8696218297101453,
      "3": 0.8196022727272727,
      "4": 0.781187996031746,
      "5": 0.7488932291666667,
      "6": 0.7183388157894736
    },
    "anchor_repeat": {
      "1": 0.10866970486111112,
      "2": 0.06991621376811594,
      "3": 0.07072679924242424,
      "4": 0.07037450396825397,
      "5": 0.06744791666666666,
      "6": 0.06805098684210527
    },
    "layer_prior": {
      "1": 0.20035807291666663,
      "2": 0.20261548913043478,
      "3": 0.2035984848484849,
      "4": 0.2042410714285715,
      "5": 0.2053385416666667,
      "6": 0.2065515350877193
    }
  }
}