{
  "config": {
    "gpu": 0,
    "d_model": 2048,
    "d_inter": 1408,
    "iters": 100,
    "warmup": 10,
    "deep_backlog": 32,
    "depths": "0,1,2,4,8",
    "tile_mb": "0.5,1,2,4",
    "low_priority": 0,
    "high_priority": -1,
    "out": "notes/evidence/shallow_h2d_issuer_a800_prio_v3.json"
  },
  "expert_mb": 17.301504,
  "small_h2d_kb": 4.096,
  "device": {
    "torch_device_name": "NVIDIA A800 80GB PCIe",
    "torch_device_properties": "_CudaDeviceProperties(name='NVIDIA A800 80GB PCIe', major=8, minor=0, total_memory=81155MB, multi_processor_count=108, uuid=71c7db88-a4eb-efeb-e1d9-32ea8cb7d22f, L2_cache_size=40MB)",
    "stream_priority_range": [
      0,
      -3
    ],
    "nvidia_smi_before": {
      "gpu": "GPU-71c7db88-a4eb-efeb-e1d9-32ea8cb7d22f, NVIDIA A800 80GB PCIe, P0, 1410, 1512, Default, Disabled",
      "compute_apps": "736888, /home/ziheng/miniforge3/envs/sparmoe/bin/python, 1032"
    },
    "nvidia_smi_after": {
      "gpu": "GPU-71c7db88-a4eb-efeb-e1d9-32ea8cb7d22f, NVIDIA A800 80GB PCIe, P0, 1410, 1512, Default, Disabled",
      "compute_apps": "736888, /home/ziheng/miniforge3/envs/sparmoe/bin/python, 1032"
    }
  },
  "rows": [
    {
      "median_ms": 0.7848899986129254,
      "mean_ms": 0.7849425711901858,
      "p90_ms": 0.7852770504541695,
      "p99_ms": 0.7883050129748881,
      "min_ms": 0.7842800114303827,
      "max_ms": 0.7883050129748881,
      "case": "big_h2d_alone",
      "queued_lows": 0,
      "high_kind": "big_h2d",
      "gbps": 21.526583380931058
    },
    {
      "median_ms": 0.015052501112222672,
      "mean_ms": 0.015134356217458844,
      "p90_ms": 0.01542497193440795,
      "p99_ms": 0.01699896529316902,
      "min_ms": 0.014757970348000526,
      "max_ms": 0.01699896529316902,
      "case": "small_h2d_alone",
      "queued_lows": 0,
      "high_kind": "small_h2d"
    },
    {
      "median_ms": 0.014420482330024242,
      "mean_ms": 0.014511419576592743,
      "p90_ms": 0.014666991773992777,
      "p99_ms": 0.018994032870978117,
      "min_ms": 0.01398700987920165,
      "max_ms": 0.018994032870978117,
      "case": "small_d2h_alone",
      "queued_lows": 0,
      "high_kind": "small_d2h"
    },
    {
      "median_ms": 24.732501478865743,
      "mean_ms": 24.729570599156432,
      "p90_ms": 24.740417022258043,
      "p99_ms": 24.790466006379575,
      "min_ms": 24.592101981397718,
      "max_ms": 24.790466006379575,
      "case": "deep_backlog",
      "queued_lows": 32,
      "high_kind": "big_h2d",
      "fifo_bound_ms": 25.90136995422654
    },
    {
      "median_ms": 0.03952698898501694,
      "mean_ms": 0.040018667350523174,
      "p90_ms": 0.0401010038331151,
      "p99_ms": 0.06962695624679327,
      "min_ms": 0.038551981560885906,
      "max_ms": 0.06962695624679327,
      "case": "deep_backlog",
      "queued_lows": 32,
      "high_kind": "small_h2d",
      "fifo_bound_ms": 25.116479955613613
    },
    {
      "median_ms": 0.038642523577436805,
      "mean_ms": 0.0390645838342607,
      "p90_ms": 0.039161008317023516,
      "p99_ms": 0.07443100912496448,
      "min_ms": 0.037770019844174385,
      "max_ms": 0.07443100912496448,
      "case": "deep_backlog",
      "queued_lows": 32,
      "high_kind": "small_d2h",
      "fifo_bound_ms": 25.116479955613613
    },
    {
      "median_ms": 0.8003319962881505,
      "mean_ms": 0.8004283817717806,
      "p90_ms": 0.8011949830688536,
      "p99_ms": 0.8038749801926315,
      "min_ms": 0.7994610350579023,
      "max_ms": 0.8038749801926315,
      "case": "shallow_depth",
      "queued_lows": 0,
      "high_kind": "big_h2d",
      "fifo_bound_ms": 0.7848899986129254
    },
    {
      "median_ms": 0.03543650382198393,
      "mean_ms": 0.0356267747702077,
      "p90_ms": 0.036463956348598,
      "p99_ms": 0.04066701512783766,
      "min_ms": 0.034554977901279926,
      "max_ms": 0.04066701512783766,
      "case": "shallow_depth",
      "queued_lows": 0,
      "high_kind": "small_h2d",
      "fifo_bound_ms": 0.0
    },
    {
      "median_ms": 0.03419449785724282,
      "mean_ms": 0.034467161749489605,
      "p90_ms": 0.035468023270368576,
      "p99_ms": 0.038882018998265266,
      "min_ms": 0.03378099063411355,
      "max_ms": 0.038882018998265266,
      "case": "shallow_depth",
      "queued_lows": 0,
      "high_kind": "small_d2h",
      "fifo_bound_ms": 0.0
    },
    {
      "median_ms": 1.5513294783886522,
      "mean_ms": 1.551315751275979,
      "p90_ms": 1.551738998387009,
      "p99_ms": 1.552230038214475,
      "min_ms": 1.5505250194109976,
      "max_ms": 1.552230038214475,
      "case": "shallow_depth",
      "queued_lows": 1,
      "high_kind": "big_h2d",
      "fifo_bound_ms": 1.5697799972258508
    },
    {
      "median_ms": 0.03901749732904136,
      "mean_ms": 0.039183893240988255,
      "p90_ms": 0.03992702113464475,
      "p99_ms": 0.04978897050023079,
      "min_ms": 0.0378249678760767,
      "max_ms": 0.04978897050023079,
      "case": "shallow_depth",
      "queued_lows": 1,
      "high_kind": "small_h2d",
      "fifo_bound_ms": 0.7848899986129254
    },
    {
      "median_ms": 0.038208498153835535,
      "mean_ms": 0.038432739092968404,
      "p90_ms": 0.039131962694227695,
      "p99_ms": 0.047335983254015446,
      "min_ms": 0.03714696504175663,
      "max_ms": 0.047335983254015446,
      "case": "shallow_depth",
      "queued_lows": 1,
      "high_kind": "small_d2h",
      "fifo_bound_ms": 0.7848899986129254
    },
    {
      "median_ms": 2.297779486980289,
      "mean_ms": 2.2976552601903677,
      "p90_ms": 2.2983900271356106,
      "p99_ms": 2.301052969414741,
      "min_ms": 2.2918250178918242,
      "max_ms": 2.301052969414741,
      "case": "shallow_depth",
      "queued_lows": 2,
      "high_kind": "big_h2d",
      "fifo_bound_ms": 2.3546699958387762
    },
    {
      "median_ms": 0.038228026824072,
      "mean_ms": 0.038470017025247216,
      "p90_ms": 0.038883998058736324,
      "p99_ms": 0.05827302811667323,
      "min_ms": 0.03715301863849163,
      "max_ms": 0.05827302811667323,
      "case": "shallow_depth",
      "queued_lows": 2,
      "high_kind": "small_h2d",
      "fifo_bound_ms": 1.5697799972258508
    },
    {
      "median_ms": 0.0376654788851738,
      "mean_ms": 0.037873892579227686,
      "p90_ms": 0.0383349834010005,
      "p99_ms": 0.048066023737192154,
      "min_ms": 0.036837009247392416,
      "max_ms": 0.048066023737192154,
      "case": "shallow_depth",
      "queued_lows": 2,
      "high_kind": "small_d2h",
      "fifo_bound_ms": 1.5697799972258508
    },
    {
      "median_ms": 3.792784991674125,
      "mean_ms": 3.7927421770291403,
      "p90_ms": 3.7938730092719197,
      "p99_ms": 3.795206022914499,
      "min_ms": 3.7883539916947484,
      "max_ms": 3.795206022914499,
      "case": "shallow_depth",
      "queued_lows": 4,
      "high_kind": "big_h2d",
      "fifo_bound_ms": 3.924449993064627
    },
    {
      "median_ms": 0.038392492569983006,
      "mean_ms": 0.03843019367195666,
      "p90_ms": 0.03898999420925975,
      "p99_ms": 0.04008301766589284,
      "min_ms": 0.03753200871869922,
      "max_ms": 0.04008301766589284,
      "case": "shallow_depth",
      "queued_lows": 4,
      "high_kind": "small_h2d",
      "fifo_bound_ms": 3.1395599944517016
    },
    {
      "median_ms": 0.037879537558183074,
      "mean_ms": 0.03806386259384453,
      "p90_ms": 0.03840000135824084,
      "p99_ms": 0.04699698183685541,
      "min_ms": 0.03705499693751335,
      "max_ms": 0.04699698183685541,
      "case": "shallow_depth",
      "queued_lows": 4,
      "high_kind": "small_d2h",
      "fifo_bound_ms": 3.1395599944517016
    },
    {
      "median_ms": 6.785065517760813,
      "mean_ms": 6.784771180246025,
      "p90_ms": 6.786533980630338,
      "p99_ms": 6.787487014662474,
      "min_ms": 6.776695023290813,
      "max_ms": 6.787487014662474,
      "case": "shallow_depth",
      "queued_lows": 8,
      "high_kind": "big_h2d",