{
  "config": {
    "gpu": 0,
    "d_model": 2048,
    "d_inter": 1408,
    "iters": 60,
    "warmup": 10,
    "deep_backlog": 32,
    "depths": "0,1,2,4,8",
    "tile_mb": "1,4",
    "low_priority": 0,
    "high_priority": 0,
    "out": "notes/evidence/shallow_h2d_issuer_a800_sameprio_v3.json"
  },
  "expert_mb": 17.301504,
  "small_h2d_kb": 4.096,
  "device": {
    "torch_device_name": "NVIDIA A800 80GB PCIe",
    "torch_device_properties": "_CudaDeviceProperties(name='NVIDIA A800 80GB PCIe', major=8, minor=0, total_memory=81155MB, multi_processor_count=108, uuid=71c7db88-a4eb-efeb-e1d9-32ea8cb7d22f, L2_cache_size=40MB)",
    "stream_priority_range": [
      0,
      -3
    ],
    "nvidia_smi_before": {
      "gpu": "GPU-71c7db88-a4eb-efeb-e1d9-32ea8cb7d22f, NVIDIA A800 80GB PCIe, P0, 1410, 1512, Default, Disabled",
      "compute_apps": "737149, /home/ziheng/miniforge3/envs/sparmoe/bin/python, 1032"
    },
    "nvidia_smi_after": {
      "gpu": "GPU-71c7db88-a4eb-efeb-e1d9-32ea8cb7d22f, NVIDIA A800 80GB PCIe, P0, 1410, 1512, Default, Disabled",
      "compute_apps": "737149, /home/ziheng/miniforge3/envs/sparmoe/bin/python, 1032"
    }
  },
  "rows": [
    {
      "median_ms": 0.7850209949538112,
      "mean_ms": 0.7854987197788432,
      "p90_ms": 0.7870880072005093,
      "p99_ms": 0.7914680172689259,
      "min_ms": 0.7844840292818844,
      "max_ms": 0.7914680172689259,
      "case": "big_h2d_alone",
      "queued_lows": 0,
      "high_kind": "big_h2d",
      "gbps": 21.522991243048374
    },
    {
      "median_ms": 0.015002500731498003,
      "mean_ms": 0.015079362977606555,
      "p90_ms": 0.015482015442103148,
      "p99_ms": 0.0162840005941689,
      "min_ms": 0.01475401222705841,
      "max_ms": 0.0162840005941689,
      "case": "small_h2d_alone",
      "queued_lows": 0,
      "high_kind": "small_h2d"
    },
    {
      "median_ms": 0.014197488781064749,
      "mean_ms": 0.014242768520489335,
      "p90_ms": 0.014441960956901312,
      "p99_ms": 0.01560896635055542,
      "min_ms": 0.013992015738040209,
      "max_ms": 0.01560896635055542,
      "case": "small_d2h_alone",
      "queued_lows": 0,
      "high_kind": "small_d2h"
    },
    {
      "median_ms": 24.736977997235954,
      "mean_ms": 24.731792585225776,
      "p90_ms": 24.74451600573957,
      "p99_ms": 24.784075969364494,
      "min_ms": 24.612946959678084,
      "max_ms": 24.784075969364494,
      "case": "deep_backlog",
      "queued_lows": 32,
      "high_kind": "big_h2d",
      "fifo_bound_ms": 25.90569283347577
    },
    {
      "median_ms": 0.0394314993172884,
      "mean_ms": 0.040101862396113575,
      "p90_ms": 0.04045100649818778,
      "p99_ms": 0.07290102075785398,
      "min_ms": 0.03814499359577894,
      "max_ms": 0.07290102075785398,
      "case": "deep_backlog",
      "queued_lows": 32,
      "high_kind": "small_h2d",
      "fifo_bound_ms": 25.120671838521957
    },
    {
      "median_ms": 0.03883001045323908,
      "mean_ms": 0.03905163612216711,
      "p90_ms": 0.03959197783842683,
      "p99_ms": 0.0471270177513361,
      "min_ms": 0.0380320125259459,
      "max_ms": 0.0471270177513361,
      "case": "deep_backlog",
      "queued_lows": 32,
      "high_kind": "small_d2h",
      "fifo_bound_ms": 25.120671838521957
    },
    {
      "median_ms": 0.7998000073712319,
      "mean_ms": 0.7999525706206138,
      "p90_ms": 0.8004480041563511,
      "p99_ms": 0.8034540223889053,
      "min_ms": 0.7992489845491946,
      "max_ms": 0.8034540223889053,
      "case": "shallow_depth",
      "queued_lows": 0,
      "high_kind": "big_h2d",
      "fifo_bound_ms": 0.7850209949538112
    },
    {
      "median_ms": 0.034206488635391,
      "mean_ms": 0.034285649113977947,
      "p90_ms": 0.0348820467479527,
      "p99_ms": 0.035931007005274296,
      "min_ms": 0.033522024750709534,
      "max_ms": 0.035931007005274296,
      "case": "shallow_depth",
      "queued_lows": 0,
      "high_kind": "small_h2d",
      "fifo_bound_ms": 0.0
    },
    {
      "median_ms": 0.03357051173225045,
      "mean_ms": 0.0336707957709829,
      "p90_ms": 0.0342639978043735,
      "p99_ms": 0.03498798469081521,
      "min_ms": 0.03291899338364601,
      "max_ms": 0.03498798469081521,
      "case": "shallow_depth",
      "queued_lows": 0,
      "high_kind": "small_d2h",
      "fifo_bound_ms": 0.0
    },
    {
      "median_ms": 1.5515609993599355,
      "mean_ms": 1.55156645050738,
      "p90_ms": 1.5520150191150606,
      "p99_ms": 1.552489004097879,
      "min_ms": 1.5509390505030751,
      "max_ms": 1.552489004097879,
      "case": "shallow_depth",
      "queued_lows": 1,
      "high_kind": "big_h2d",
      "fifo_bound_ms": 1.5700419899076223
    },
    {
      "median_ms": 0.038758968003094196,
      "mean_ms": 0.03889056097250432,
      "p90_ms": 0.039856997318565845,
      "p99_ms": 0.04053697921335697,
      "min_ms": 0.038049009162932634,
      "max_ms": 0.04053697921335697,
      "case": "shallow_depth",
      "queued_lows": 1,
      "high_kind": "small_h2d",
      "fifo_bound_ms": 0.7850209949538112
    },
    {
      "median_ms": 0.03821350401267409,
      "mean_ms": 0.03825428332978239,
      "p90_ms": 0.039116013795137405,
      "p99_ms": 0.042211031541228294,
      "min_ms": 0.037024961784482,
      "max_ms": 0.042211031541228294,
      "case": "shallow_depth",
      "queued_lows": 1,
      "high_kind": "small_d2h",
      "fifo_bound_ms": 0.7850209949538112
    },
    {
      "median_ms": 2.2978845227044076,
      "mean_ms": 2.2977834839063385,
      "p90_ms": 2.2986250114627182,
      "p99_ms": 2.2990540019236505,
      "min_ms": 2.294614037964493,
      "max_ms": 2.2990540019236505,
      "case": "shallow_depth",
      "queued_lows": 2,
      "high_kind": "big_h2d",
      "fifo_bound_ms": 2.3550629848614335
    },
    {
      "median_ms": 0.038318015867844224,
      "mean_ms": 0.03893609488538156,
      "p90_ms": 0.039327016565948725,
      "p99_ms": 0.07143599214032292,
      "min_ms": 0.03757502418011427,
      "max_ms": 0.07143599214032292,
      "case": "shallow_depth",
      "queued_lows": 2,
      "high_kind": "small_h2d",
      "fifo_bound_ms": 1.5700419899076223
    },
    {
      "median_ms": 0.037551973946392536,
      "mean_ms": 0.037626015061202146,
      "p90_ms": 0.03840494900941849,
      "p99_ms": 0.04142901161685586,
      "min_ms": 0.0364410225301981,
      "max_ms": 0.04142901161685586,
      "case": "shallow_depth",
      "queued_lows": 2,
      "high_kind": "small_d2h",
      "fifo_bound_ms": 1.5700419899076223
    },
    {
      "median_ms": 3.792889998294413,
      "mean_ms": 3.79262963833753,
      "p90_ms": 3.793852054513991,
      "p99_ms": 3.7943070055916905,
      "min_ms": 3.78475000616163,
      "max_ms": 3.7943070055916905,
      "case": "shallow_depth",
      "queued_lows": 4,
      "high_kind": "big_h2d",
      "fifo_bound_ms": 3.925104974769056
    },
    {
      "median_ms": 0.03870599903166294,
      "mean_ms": 0.03872886882163584,
      "p90_ms": 0.03942800685763359,
      "p99_ms": 0.040466024074703455,
      "min_ms": 0.03772397758439183,
      "max_ms": 0.040466024074703455,
      "case": "shallow_depth",
      "queued_lows": 4,
      "high_kind": "small_h2d",
      "fifo_bound_ms": 3.1400839798152447
    },
    {
      "median_ms": 0.037802994484081864,
      "mean_ms": 0.0379225171248739,
      "p90_ms": 0.0385930179618299,
      "p99_ms": 0.042251020204275846,
      "min_ms": 0.03680301597341895,
      "max_ms": 0.042251020204275846,
      "case": "shallow_depth",
      "queued_lows": 4,
      "high_kind": "small_d2h",
      "fifo_bound_ms": 3.1400839798152447
    },
    {
      "median_ms": 6.786032987292856,
      "mean_ms": 6.785585897159763,
      "p90_ms": 6.787577993236482,
      "p99_ms": 6.78855599835515,
      "min_ms": 6.776241003535688,
      "max_ms": 6.78855599835515,
      "case": "shallow_depth",
      "queued_lows": 8,
      "high_kind": "big_h2d",