{
  "top_k": 4,
  "experts": 60,
  "random_recall": 0.06666666666666667,
  "overall_token_pred_recall": 0.5823338867262041,
  "n_predictions": 209616,
  "recall_by_layer": {
    "0": 0.3917449049690863,
    "1": 0.5899931302953973,
    "2": 0.6102873826425463,
    "3": 0.60044080604534,
    "4": 0.5982653995878178,
    "5": 0.57284749255782,
    "6": 0.5976929242042592,
    "7": 0.642632241813602,
    "8": 0.634188229906114,
    "9": 0.5892202885275933,
    "10": 0.5824937027707808,
    "11": 0.6152679184795053,
    "12": 0.6170425921685367,
    "13": 0.62196588046714,
    "14": 0.622710098465766,
    "15": 0.6637852072360888,
    "16": 0.6560281657888711,
    "17": 0.6376230822074651,
    "18": 0.576683077627662,
    "19": 0.5216681932676895,
    "20": 0.5025188916876574,
    "21": 0.500400732768491,
    "22": 0.49639340508358143,
    "23": 0.5341195328600871
  },
  "early_layers_mean": 0.5754880352644836,
  "late_layers_mean": 0.553179385161438
}