{
  "top_k": 6,
  "experts": 64,
  "random_recall": 0.09375,
  "overall_token_pred_recall": 0.5945285107953165,
  "n_predictions": 140894,
  "recall_by_layer": {
    "0": 0.7670849480224032,
    "1": 0.653041766623606,
    "2": 0.6813065141170023,
    "3": 0.6841360644645478,
    "4": 0.6195485021836787,
    "5": 0.6158885403210934,
    "6": 0.6092452482007797,
    "7": 0.6115519468536665,
    "8": 0.5708002706526416,
    "9": 0.6019560804576476,
    "10": 0.6098296118595091,
    "11": 0.5813188165098121,
    "12": 0.539521436919484,
    "13": 0.5646183182629038,
    "14": 0.5569908347173514,
    "15": 0.5650181460294001,
    "16": 0.598142338684874,
    "17": 0.5470874085009526,
    "18": 0.5667404810235592,
    "19": 0.5374607861229017,
    "20": 0.5359844989850533,
    "21": 0.5177154456541798,
    "22": 0.5729839453773745,
    "23": 0.5600356769391642,
    "24": 0.5816878882942734,
    "25": 0.6080457649012742
  },
  "early_layers_mean": 0.6552254413483471,
  "late_layers_mean": 0.5600818109122225
}